Sq_Ft,price
1672,150
1750,149
1750,150
1250,40
1200,83
1170,40
1425,65
947,43
1130,36
1417,76
1230,58
1705,75
1116,47
991,40
550,27
1450,70
700,25.5
440,28
510,25.25
510,25.25
2400,480
1540,85
600,45
3150,150
1250,67
2850,428
1630,194
1875,235
1200,130
1235,148
2750,413
2450,368
1415,110
860,65.5
3000,300
2350,210
1000,45
3000,500
1875,167
2065,210
2059,225
1394,100
1077,93
1566,180
840,50
1590,131
2180,210
1180,88.5
1200,86
1394,85
2077,175
1205,85
900,75
1400,67
1200,55
940,56
3000,301
1480,90
1480,90
1550,110
1718,223
1000,97
2800,200
1000,55
1040,78
850,42.5
1450,50.75
1150,40.25
1350,47.25
1350,47.25
900,41
1681,69
1350,47.25
1150,40.25
1500,220
1500,230
2400,325
1056,80
1320,90
1300,95
1650,140
2150,240
2100,270
4500,345
2005,240
1567.2,190
1225,150
4500,500
1800,140
1269,97
1070,38.9
1080,38
2401,185
3900,333
1550,120
2100,220
2400,185
1206,56
1270,70
1312,69
1100,48
1075,60
1150,52.5
1256,62.8
1207,63
1725,100
1440,60
1700,100
2500,110
600,30
1390,65
1256,62.8
1000,48
1350,75
552,23.5
1200,51
1030,57
1200,68
1190,61.8
4000,170
1080,53
1041,54
812,42
1010,57
1075,60
1192,74
1180,80
3245,250
1645,100
1140,65
2040,200
1213,63
1216,60
1460,80
2003,200
1810,131
1515,135
1192,75
1280,88
1117,110
3000,400
3000,528
2400,408
1903,293
1080,72
1270,93
1420,100
1850,150
1245,94
1175,82
1400,95
2225,160
1050,71
1100,46
918,50.49
1450,100
1190,49.98
1420,96
1680,120
980,69
1180,72
1400,115
1270,83
2503,188
2200,190
1575,110
1850,140
1575,120
1850,150
1680,120
1175,82.5
1215,90
1050,75
1300,89.13
1130,73
1450,100
1050,50
1275,87
1650,110
850,42
1680,117
1850,150
1236,61.33
1000,53
1680,125
1675,135
1187,59
1850,155
1000,61
1460,100
1650,110
1200,62.5
1000,70.65
1080,75
1680,125
1460,97
1120,65
1100,60
1790,120
1680,117
1050,77
1050,75
1040,75
1400,95
1800,130
1050,68
1000,60
1680,125
1050,77.47
1270,80
1680,122
1130,85
1680,130
980,77.44
1680,112
2095,150
1976,145
1600,110
1765,118
1275,88
1450,102
1575,110
750,47
990,50
1000,60
1430,102
1128,60
1140,57
1420,90
1530,108
1100,110
1073.5,54.005
1062,42.47
1455,73.31
1098,43.91
1800,80
2700,130
1080,38
1059,34.5
1080,35
1062,42.47
500,31
1100,35
2100,92
1035,39.33
909,40.9
1431.5,72.02
1900,90
500,30
1125,36.94
1100,35
1089,43.55
1605,65
1504,83
2600,115
1089,43.55
1513,62
1298,59
1006,44
1245,59
1510,80
3300,165
1046,48
1408,80
1846,300
1410,233
1165,135
2400,290
700,150
1440,240
1005,50
1035,45
5000,290
1164,56
1005,42
1127,50
1005,43
835,37
1050,39
1466,71
1890,93
1079,60
1480,80
1073,52.36
1719.3,88
1780,88
890,45
1331.95,69
600,35
1500,85
1100,45
1028,42
1199,65
1080,55
1123,64
1308,60
1005,55
1450,85
1040,46.79
1936,110
1075,48.38
1650,80
1310,50
1100,38.45
1100,38.49
1190,41
1100,38.5
985,40.39
765,30
880,35
795,32.54
1005,39.59
1020,41.82
985,40.39
2500,81
795,32.54
1130,46.33
795,32.6
985,38.92
1000,41
995,40.8
1020,40.8
800,72
1350,120
2250,113
1053,51
1388,57
1070,54
1280,58
1662,85.1
1897,120
1410,75
1360,85
1410,80
1662,85
1662,85.5
1280,60
1666,95
1575,90
1430,75
1419,73
1280,60
1200,50
1092,60
1690,85
1897,93
1884,98
1314,68.8
1690,85
1265,67
1126,55
1662,90
1420,75
1412,88
1434,84
1890,100
1419,87
1300,54
1690,85
1113,52
1820,95
1100,48
1896,102
1300,66
1225,68
1179,51
1421,73
1893,95
900,45
4000,170
1300,49
1280,49
1260,49
1427,52
1693,108
1210,76
1519,67.23
1595,70.39
1230,50
595,40
1145,44
2400,130
1380,75
1320,58
1240,43.79
1050,38
1190,46.41
530,20
425,15
1355,61
1105,75
1800,110
1150,80
1250,66.25
1332,79
1730,120
1230,66.25
1351,77
1303,80
1607,112
770,43.82
1700,76
1060,58.5
1650,100
1607,112
1198,80
1468,140
1463,142
1910,190
1464,145
1935,130
1424,90
2225,169
1862,120
1850,139
1936,126
1862,119
1424,90
2150,125
3530,290
1856,120
1852,130
1850,120
1367,86
3565,255
1409,95
1950,120
1921,129
1920,121
1935,125
1852,122
1950,120
1852,125
1850,121
1425,94
2395,150
1605,100
1300,80
1175,83
900,40
1200,55
1900,135
924,45
900,60
1100,45
1200,55
1450,85
1200,55
1250,79
1190,50
1202,65
1340,75
2650,175
1450,90
1025,42
485,19.5
1350,67.5
1365,60
1000,51
1060,55
1135,55
3515,420
1080,75
1200,70
2010,125
1167,43.76
1000,55
1141,42.79
1200,58
1151,43.1
1141,42.75
900,48
1749,90
1151,42.9
1250,45
1151,43.16
1200,58
1200,66
1415,74
1200,50
1141,50
1200,37
1600,77
500,14
1100,31.5
982,24.55
500,14
900,22.5
908,26
937,35
960,37
500,14
1000,29.7
850,25.99
902,25.26
1470,54
810,25.5
890,27
1200,36
1319,42
1000,25
902,25
930,25.99
1074,26.85
500,14
1010,38
992,24.8
1200,36
600,16.5
925,40
530,18
1800,68
1200,36
1035,38.3
888,34
1200,36.1
700,19.4
1200,36
766,28
1150,45
1200,36
1200,36
400,11.5
456,15
1200,36
1200,36
2400,95
1200,36.1
1200,36.1
420,12.5
1140,52
1850,86
1070,39
1500,121
1070,37
950,40
1280,45
710,25
950,32
1800,55
1843,87.54
1076,30.13
950,30
1348,100
1105,50
540,22
1075,48
1567,100
610,28
1750,100
3198,200
2422,160
1750,100
3200,205
1728,95
2062,140
1732.46,92
2062,150
1224,70
1777.26,105
1650,82
2062,140
1650,82
1224,67
1723,95
1777.26,89
1777.26,92
1350,65
2060,140
920,40
1740,95
1190,55
600,28
2072,108
1100,55
900,50
1240,60
900,44.5
1000,53
1100,53
2050,100
8321,2912
1644,84
1640,84
1220,65
936,42
936,43
1100,55
834,60
834,62
1127,55
1125,55
450,11
1600,52.8
400,11
400,12
400,14
500,17
2168,95
395,10.25
420,17
418,12
1200,42
400,10
850,25
2400,120
450,12.5
782,19.55
400,11.5
460,13
418,11.5
1000,42
550,11.5
410,10
1700,65
400,10.25
520,15
1200,65
4000,150
400,14
1250,60
600,23
1000,60
975,60
2300,120
833,49
2045,108
1236,50
1190,48
1300,79
1313,58.27
1460,73
1405,70
1060,49.27
1020,60
1020,49
1765,77.27
1075,50
2700,230
1600,88
1050,110
1500,203
1800,150
1060,55
999,45
2400,225
1194,65
1200,67
2400,228
1194,65
975,45
865,33
375,40
1717,200
950,52
1850,170
1200,80
1274,70
1070,48
1280,80
1100,70
1000,58
2990,416
1265,55
2200,220
2780,325
2400,360
965,56
1147,75
1750,172
1400,90
1200,70
1100,47
930,46
2500,345
1350,90
1150,63
3300,165
1450,81
1776,75
1458,79
935,51.5
1020,46.5
1600,112
1300,75
1540,78
450,20
1196,56.81
1470,99
1100,52
700,29
1611,66
1675,75
1141,46
1500,57
1050,45
1141,45.9
1230,53
1105,40
1410,65
1450,55.99
1100,38
1061,33.84
1061,38.95
1061,34
1245,58
1494,94.55
1274,81
1842,115
1494,94.55
1274,81
1494,94.55
1842,115
1842,115
1842,115
2360,150
560,21
1050,40
1200,50
985,57
1407,83.87
2400,135
4400,350
1220,72
1210,80.9
1210,72
1205,78.5
790.5,41.9
1020.07,68.38
1205.47,81
1007,65
1210,74
1210,83
675,45
656,43
1012,64
1007,62
1007,67
1007,66
645,34.18
790.5,42.295
1012,65
656,38.77
645,39
645,41
1210,82
656,34.77
1205,73.87
1012,70
1007,68
1205,79
1012,68
1051,33
825,40
1525,122
1500,89.99
1630,97.78
2008,170
1560,125
1525,91.48
1500,120
1077,37.64
1470,88.64
1300,75
1800,115
1125,63
1310,80
2600,135
1900,170
1260,75
1170,46.79
1350,83
1330,78
1400,78
1700,125
1020,40.79
1600,63.98
1041,36.44
2400,200
1390,86
1460,70
1200,60
1290,80
1186,65
1650,101
1181,75
1105,90
720,60
1040,45
1330,77
1200,49
1185,67
1000,50
1650,90.75
1650,101
1310,80.43
1430,87.8
1020,42.83
1540,80
1683,115
1800,125
1175,41.13
1450,50.75
1770,108
1800,125
1200,74.52
1100,63
1020,40.79
1260,75
1426,85
1700,150
1500,120
2400,510
1240,59.52
1250,110
1260,95
2400,300
1400,100
2800,425
3000,450
1200,198
1245,125
1305,58.7
1145,58.4
1650,118
1350,68
1305,59
1305,60
1200,42
1305,59
1480,75.48
1305,59
1304,111
3000,150
1085,50
1500,100
2100,147
1420,95
1300,58.5
1305,49
1035,35.77
1355,61
1510,47.57
1650,51.98
1630,51.35
1510,47.57
1315,49
1540,48.51
920,41.5
1177.5,59.935
4800,190
1160,59
1180,59.47
1423,71.73
1392,69.46
1410.5,70.385
4800,200
1184,53
1145,55
1250,60
1365,73
1903,140
1222,80
870,38
1200,60
1340,73
1008,52
1105,57
1200,70
1050,64.8
2500,140
1350,185
1080,55
2350,325
1665,110
2370,195
1100,66
1113,70
1200,73.2
1070,87
1776,124
1776,150
500,18.5
1050,65
1170,66
595,33.32
1445,95
1640,120
1460,90
1179,66.02
1122.5,58.935
793,45
1400,78
1215,50
1654,100
1181,55
1200,75
595,31.83
1105,51
1255,65.26
1550,82
1650,122
912,55
1218,73
1115,65.12
1893,100
1600,95
1275,65
892,39
1260,70
1157,40
1150,65
1100,39
1725,110
950,38
1220,80
1130,78
1486,83.22
1015,48
1115,61
1136,48
2700,260
1200,69
1465,76
1302.5,67.73
1200,65
1240,65
1476,125
1532.5,84.29
1268,69
1450,87
2932,195
960,58
1750,130
1275,73
1240,71
1215,68
1215,68
1894,115
1693,89
1280,60.16
630,35
1215,68
1365,76.18
1115,78
1532.5,79.465
1655,90
1247,47.39
1237.5,49.49
1650,94
905,65
1000,50
2185,120
1012,45
1460,80
1340,85
1711,125
1520,81
2826,148
1115,61
1154,47
1000,44.5
1250,48
1640,105
1012,44
1527,115
1550,96
1200,78
1885,125
1450,78
700,31.2
905,58
1920,122
2400,180
1270,45
1520,80
1270,73
1846,120
1122.5,61.74
1655,95
1206,53
1150,55
1215,65
1510,110
1022,35
1246,47.35
1470,85
1160,45
970,57
1527,142
1100,60
1045,42
1100,60
1301,55
1540,70
1440,72
1294,52
1100,60
1405,70
1182,60.1
2400,80
2000,25
1428,70
1220,68
1095,38.52
1165,65
1036,105
2600,260
1600,160
1560,145
1800,195
1100,93
1050,103
1180,124
1200,120
2453,250
1645,95
1645,95
4500,415
1865,145
1200,90
2400,310
1200,80
900,60
1900,150
1200,85
1200,70
581.91,25
1680,85
1950,95
1055,43
1200,65
1779,89.61
1300,50
1945,97.42
1777,100
1135,43
1276,45
1880,94.36
1071,62
1165,43
1636,82.89
1779,90
1090,38.37
2082,104
2024,103
1097,49
1419,59
1580,75
1559,63
1445,47.1
1475,74
3500,185
1100,55
1306,65
1304,65
1411,60
815,40
1443,70
1200,44
1200,46.8
1160,44
1584,65
1615,59.76
1200,43.2
1160,44.08
1200,45
1615,60
1410,53
1200,37.8
1160,40.59
1260,46.62
1600,58.14
1500,70
1160,42
1240,39.06
1200,45
1500,55
1410,52.17
1583,74.4
1170,46
1160,42.92
1410,52.17
1565,59.76
1160,42
1410,53.58
1200,45
1200,42.6
1160,42
1334,42.69
1565,57.91
1200,45.6
1215,43.13
1160,36.54
1200,44.4
1260,39.69
1160,44
952,42
1200,42
1240,45.88
1200,50
1200,44
1100,42.6
1565,57.91
1200,44.4
1160,36.54
1215,43.75
1200,44.73
1160,42
1410,54.99
1254,53
1050,38
1260,58
1275,59
1767,103
1205,66
1250,76
1000,50
1281,74
921,40
1490,98
1220,60
1299,82
900,56
1350,79
1286,57
1457,85
1195,51
1050,72
1310,72
1785,118
1051,60
1060,65
1100,62
1685,100
982,55
1205,59
1063,58
1201,59.99
1325,65
1281,87
1200,52
1785,120
1088,48
1310,85
1465,90
1767,109
3600,245
1150,69.44
1410,92
1015,60
1685,101
1735,105
1685,115
1049,51
1211,63
1717,110
1200,62
960,48
1690,116
950,40
850,45
1454,90
1195,52
1260,83.5
1535,90
1047,75
900,45
1220,48.79
1025,42.5
1050,43.5
1200,95
3200,350
4460,650
2850,470
1300,120
1567,140
1688.12,270
1805,280
1688,280
960,33
560,19
4046,445
1200,85
540,22.5
1322,68
1351,70
1384,59
1351,74
1432,68
1349,56.7
1328,69
1300,55.86
1670,99
1444,75.97
1447,75.97
1700,126
1447,75.97
1760,127
1447,75.97
1949,129
1760,128
1447,75.97
2439,185
1444,75.97
1205,64.47
1447,75.97
2439,170
1205,68.32
1260,69.9
2439,170
1707,115
970,52.5
1277,79.89
1703,120
2150,170
1100,57
900,45
1280,68.48
2400,185
1600,110
3600,225
1800,72
4200,255
1450,68
1654,82
2400,110
5400,250
2400,107
1125,62
1090,52
1112,62
2400,150
2968,225
950,58.11
1360,110
1125,65
950,56
1805,134
1755,122
665,50.75
660,54
660,62
1365,122
1795,139
1740,150
1970,164
1516,147
1180,48
1075,46
1075,45
845,33
1075,45
845,37
845,29
1075,47
850,32
1075,50
1075,52
1180,46
1075,42
845,37
1075,43
700,32
1075,52
1075,50
845,33
945,33
845,30
1075,43
1080,45
1180,55.5
1075,47
1075,48
1075,45
1075,44
850,27
1075,42
845,32
845,34
3000,140
520,19.5
515,25
1090,44
1850,90
910,45
1050,46
1100,55
2100,85
1307,50
1091,40
1160,53
1050,54
1260,49.36
1200,46
1035,41
1035,41.73
1034,40
877,30
920,37.46
1035,41.43
1295,50.28
1015,40
1000,35
955,35.28
1005,39.77
1014,35
1020,40.89
920,37.2
800,32
1280,50
1942,90
1127,45
877,29
1365,52.81
842,30
1260,49.36
1365,52.82
955,37.97
1089,40
1365,53.96
1090,31.48
1400,40.44
1320,38.13
1020,29.45
1165,33.64
1090,31.48
1000,28.88
1020,29.45
1160,33.51
1125,32.49
1125,32.49
1130,32.64
1065,30.75
1200,125
1632,145
1670,135
1680,135
1632,128
3339,250
1232,96
1632,140
2200,150
1100,38.68
1520,111
1280,90
1275,69
1721,93
1720,95
1150,69
1142,70
2800,240
1476,105
1700,152
1262,75
1139,80
1125,70
1420,85
941,48
1100,55
2400,140
1225,66.5
1950,175
1080,50
1230,55
1200,75
1089,49
1130,56
1270,95
1706,115
1389,94
1225,72
1746,115
1560,149
1382,84.5
1260,70
1206,90
1594,140
1153,56.4
1162,59.9
1991,103
1153,57
1162,57
1139,56.8
1139,56.85
1991,100
664,35
1820,93
1636,85
1444,70
1139,60
1820,93
1162,58
1636,85
1087,54.3
664,35.4
1153,56.7
1139,56.5
1636,83
664,34
1162,58
1153,60
1820,99
1172,56.725
1820,95
1991,100
1820,95.5
1153,56
705,34.545
1153,56.5
1153,58
1636,88
1153,56.55
1153,56.5
1153,60
3155,370
3500,425
1413,75
1325,90
540,36
2631,200
650,50
1300,63
1455,56
1140,60
1100,55
1250,65
1600,120
3811,475
1120,55
1070,55
740,37
1028,49
1392,98
1070,47.5
1825,126
1025,50
1198,60
1560,85
1590,85
1100,58
1051,61
1020,55
1285,65
1040,50
1392,95
705,50
1125,46
1400,78
1400,78
907,38
1310,62
2400,260
1600,165
1950,230
1756,307
1669,298
2098,210
1000,45
900,35
1600,90
1600,90
1732.5,91.855
1770,99
532,22.49
1639,123
1475,120
1900,170
1350,180
1050,162
1660.4,211
505,85
1565,98.91
730,52
1650,115
2800,250
645,16.45
645,16.45
1200,32
1025,27.68
582.5,15.135
1065,33
850,25.4
590,13.57
645,16.45
520,14.04
1200,36
645,16.45
645,16.45
700,19
1095,32
1208.51,42
876,29.5
645,16.45
1505,42
645,16.45
937,30
1025,27.68
800,25
645,16.45
778,25.29
950,25.65
1200,36
645,16.45
1025,27.68
1345,39.5
520,14.04
1323,42
410,10
645,16.45
645,16.45
1200,36
740,22
876,28.47
520,14.04
1260,85.05
890,75
1600,130
1260,85.05
1200,190
1009,38.34
1065,35
1470,90
1115,33.45
1030,34.5
4200,180
1115,40
1200,67.77
1104,35.5
1160,55
1050,41
1065,40.47
1070,38
1050,35
1093,34
808,40
1010,36
1123,36
1000,35
1500,89.45
1330,51.83
1093,37
1115,35.8
1500,61.95
830,36.28
1200,67.77
1195,56
1175,38
1200,46.13
1065,36
1050,44.41
1010,32
1210,40
1535,55
1115,50
3100,165
1563,52
1180,40
2400,98
1250,62.4
1000,45
1115,56.87
1465,74.72
1100,56.1
1145,58.4
1095,55.85
1035,52.79
1480,75.48
1705,86.96
1260,75
1080,44.8
1050,45
1220,52
1093,65
1250,75
2600,120
2325,120
1808,80.27
3297,135
3500,150
2646,99
2704,105
2325,95
2325,120
3250,136
2665,125
950,40
1600,80
2400,97
2000,65
1067,38
1320,46
4000,110
1398,51
1397,52
1200,45
1402,85
1290,56.12
1100,50
1208,49
1070,50
1230,48
1070,42.8
1270,55.25
1075,46.76
1230,53.51
1290,56.12
1070,45.48
1100,50
1390,60.47
1090,47.42
1325,59
1275,55.46
1113,46
1045,42
2292,285
1225,48
1020,40
980,41
1266.67,69
2511,205
1370,75
750,50
2000,135
1300,95
1115,50
1300,57
1530,77
1197,63
1465,75
1115,50
1215,59
1254,65
1580,105
725,36
1075,45
1180,71.22
1140,62
1560,78
1065,46
1115,50
1115,50
2920,536
1991,160
1007,43
1272,51.5
1156,46
1007,48
3045,170
1652.5,90
3950,450
2388,239
1710,200
1310,111
3900,415
2560,310
2600,375
1100,90
2300,250
1975,150
1650,100
1730,140
1600,150
1250,95
1280,120
1073,72
1000,58
1200,140
1250,60
5270,1250
3875,864
3875,800
3815,763
2880,501
3489,662
4170,800
2700,501
2880,560
1600,72
1855,225
1980,224
1541,181
2735,340
708,37
708,40
965,42.5
814,42
1163,65
1286,68
708,31.15
708,41
814,43.7
1295,65
1520,75
1300,55
1150,70
2100,120
1220,52
1375,60
1333,78.56
1220,62
1160,49
1150,126
6600,986
1150,125
2800,365
1270,172
8000,2800
1100,75
1260,66.78
1282,68.52
1360,65
1408,85
1010,51
1080,53.35
2400,100
1174,59
658,34
658,26.91
698.5,28.57
1080,52
1700,88.2
1498,79.15
1466,77.59
775,39
1020,49.87
1045,48
1550,85
1340,65
2125,107
1230,56.45
1360,62.425
658,26.91
1010,58
1380,80
1080,62
1230,58
1460,70
1090,45
946,45
1470,60
2000,105
1410,68
1100,65
1611,64.44
1610,64.4
1339,53.56
1520,62
1125,44
1000,42
1225,47
1215,46.8
1500,56
1300,60
1600,75
1015,45
1260,55
850,28
1390,60
1804,121
1080,50
1999,132
1100,48
1999,135
1100,41.15
1252,71
1155,46
1128,45
1148,56
1145,46.5
1829,125
1100,41.16
1100,46.75
1315,50
1135,58
1100,41.18
1370,60
1200,71
1585,79
1005,45
1264,52
1148,60
1188,73
1148,69
1864,115
1458,87
4200,325
3876,300
2776,195
2440,142
2400,200
654,49
3206,270
830,37
800,30
1290,45.33
1200,74
1550,70
3150,145
1300,32
1250,39
747,27
1010,40.39
1010,40.39
1072,42.87
1010,40.4
1010,41
1072,42.87
1550,60
1180,56
1409,62
1119,48.5
1160,55
1475,70
1025,48
1512,65.01
1768,95
1092,49
1760,176
1280,40
2045,154
1148,59
1128,48.4
970,33
1050,32
850,25
1030,42
1549,65
550,17
1015,33.5
1104,39
915,32
750,25.5
1595,62
855,32
1105,50
925,30
1208,45
1100,50
940,32.9
1382,65
1107,44
907,40
1783,85
550,17
30000,2100
1400,80
1717,99
1594,99
1893,115
1400,85
30400,1824
3500,350
3100,385
1097,65
1350,75
7800,2000
2100,280
2000,200
1460,88
2456,220
1540,90
1875,150
1429,86
640,55
1050,85
1800,150
1720,135
1950,165
2180,285
650,70
780,70
2180,285
1740,120
1695,125
1246,95
2100,145
1276,80
1850,180
2955,235
1650,180
900,160
805,22.14
1153,43.5
1090,43.5
850,25.4
999,32.9
1340,100
2250,199
1625,150
1596,105
1596,95
1570,115
1500,65
1200,54
1132,67
1285,82
2330,162
1330,92.5
1330,86.98
1330,93.36
1500,102
1280,69
1125,65
1734,125
1343,86
2350,163
1860,130
2210,165
2710,177
1650,110
1190,70
2070,135
1600,95
1210,75
1500,64.5
1060,60
1152,64.5
770,36
1070,52
1025,46
589,27
910,40
1108,63
1128,65
1800,95
630,34.65
1128,63
1599,99
1070,55
940,41
1128,68.75
1342,73.3
1360,71
1265,56.93
1691,102
1128,65.49
1070,56.1
2000,120
890,45
1128,65.65
865,42
910,42
1360,75
770,40
1128,64
1070,54
1571,89
1111,50
870,39.5
1374,72
1128,65.35
1128,65
755,34
1563,91.84
1025,54.5
1070,46
1350,58
1700,75
1128,68
700,35
1360,70.5
1571,105
1600,104
1500,100
1152,65
1070,60
1128,65.5
1200,59
1152,65.75
1070,55
1060,58
1025,54.1
1500,78
1213,59.32
1575,90
1449,100
1125,58
1575,101
550,12
919,40
1500,78.25
1363,79
1108,67.15
1128,65.7
1060,51
1650,100
1025,49
1449,90
1070,58
1210,54
1500,75
1070,52
2435,119
1073,60
1500,78
1070,47
1296,65
1140,70.93
2093,104
1025,53.9
940,54
435,21
1500,77.5
1631,80
1355,67
435,22
1039,50
770,39.9
1128,64
605,13.31
530,13.5
1070,53
1571,83
1350,66
1652,110
1128,65.58
635,28
1128,65.4
1355,72.9
1609,115
770,35
865,40
1108,63
630,40.5
605,22
1070,48
1360,70
635,28
1128,65.45
890,40
630,33.7
1400,90
1258,85.5
1386,85
1025,50
1070,55
1342,72
1275,70
770,38
1644,92.59
1250,62
418,12
1128,64.8
1060,55
710,40.42
1275,63.43
1518,75
1090,31.48
1060,55
1353,75
1128,67
1070,57
1700,90
750,35
1210,55
1070,60
1615,97
1221,68
1500,73
995,48
1342,90
1128,63.5
589,29
1575,94.5
1070,48
1025,54
1500,70
1500,64.5
2093,134
1355,73
1360,64.99
1060,52
1056,39.07
1020,30.6
1069,45
630,28.35
1000,25
1090,28.34
2225,98.88
775,38
1266,59
1000,28.88
972,44
1031,55
1003,40.6
1031,56.35
1395,62.78
1160,33.5
1065,30.75
1219,61.25
1000,28.88
1790,100
769,40
900,32.5
1418,52.47
1070,45
1140,33.06
1089,32.67
1031,55
1253,65.8
1160,33.5
6000,260
1116,37
1125,29.25
1000,28.88
1000,28.88
1000,28.88
1165,30.29
1031,53
1065,30.88
1549,80
1065,56.13
920,26
1140,33.84
1219,61.26
1252,65
1125,32.49
1286,69
1140,32.92
1116,40
1150,46
1192,47
1020,32
1900,97
1020,27.43
1025,26.65
1020,29.45
1000,28.88
1140,28.5
1125,32.49
1200,34.65
1160,52.2
1244,55
1160,33.51
972,40
1160,33.51
1090,31.48
1140,32.92
650,35
1155,57
1800,92
1300,28
1160,33.5
1025,29.6
829,22.8
2187.5,105
1252,67
1125,32.63
1140,34
1252,65
1135,46
1305,65
1165,33.64
1336,50.35
575,16.75
1065,30.76
1065,30.75
1140,33.06
911,26.5
1200,34.65
1031,54.48
950,33
1475,78.29
1490,78.8
1113.27,53
1490,84
1015,56
1515,80.91
995,46
1555,82
1340,75
1124,55
1175,57
755,42.41
580,27
940,49
1335,67
1113.12,55
1350,71
995,49.8
635,26
1190,68
1450,72.54
360,16.9
638,32
1175,64.98
585,21
1200,59.76
1145,54
1125,65
1550,82
865,40
1800,93
1314,60
1170,62
1450,79
940,48
940,44
1300,67
1028,51
1205,60
1305,67
755,30.12
1175,60
1000,66
1180,69
2145,125
1700,180
1305,95.45
1870,185
1750,150
2000,200
3500,330
2350,285
1550,140
1900,145
2560,265
2400,260
2560,288
3436,341
1315,140
1706,154
2079,220
3435,341
3436,345
3100,400
5400,400
1180,105
2900,325
1870,180
896,100
1420,120
1150,75
1330,68
1820,86
1225,47
1140,48.95
1315,65
1315,65
1315,64
1735,70
1643,70
2500,300
600,38
845,55
1112,68
998,65
1250,65
1200,75
1325,60.8
1060,48.7
1150,52.75
1295,59.5
1320,60.6
1295,59.5
1150,52.8
1150,52.8
1060,48.5
1150,52.5
1325,60.8
1060,48.66
1150,52
1154,51.8
2000,95
850,32.5
893,34.5
2400,400
1800,252
1350,240
2400,400
3000,375
2400,400
4000,750
1350,195
1200,180
1539,60
1450,65
3600,170
1372,90
1395,63.59
1325,47
1050,48
1170,45.51
1170,39
1418,62
861,34.5
1408,62
861,34.5
1318,54
861,36.5
1320,60
1345,60
1905,86
1318,56
1129,50
2023.71,275
3179,351
1950.2,261
2171.66,298
1165,75
1280,75
1530,97
1155,65
1570,95
1155,64
1100,40
967,45
1618,82.5
1222,63
1300,65
950,38
1153,48.5
812,26
1460,65
1500,70
1621,72
812,26
990,40
1235,63
1385,64
1000,35
1010,35
1410,45
1435,62
945,45
2500,120
1230,52
1120,50
1500,63
1200,40
1280,61
1205,56.58
1170,40
3000,132
1613,72
1110,36.25
1245,59
1200,50
1310,88
2600,370
1326,62.17
1578,73.9
1639,77.89
2100,170
1045,45
1670,120
3250,230
1776.42,105
3250,230
940,56.8
1075,60
1715,115
1751,115
1750,130
1530,105
1752,105
1680,95
1728,125
1645,110
1517,100
3150,218
1750,120
1751,115
1750,105
1885,135
1715,120
1623.29,105
1715,115
1715,105
1600,105
1717,125
1250,75
1715,112
1007,43
1000,36
1107,40
1108,48
1150,42
1010,41
1200,66
1470,82
1745,104
1745,115
1745,110
1650,71
2570,141
1205,70
1435,80
1475,80
1100,49.5
1060,46
2000,125
980,35
1140,43
1356,66
1600,75
2000,95
1140,49.11
1195,44
1190,40
1457,60
1080,41
1175,43.48
1362,62.63
1071,51
1063,40
1235,52.76
1362,62.63
1362,62.63
1588,90
1235,44.5
1457,60
1050,43
1400,45
993,42
1235,52.76
1490,300
2100,252
2700,500
2040,500
1865,350
1200,49
2800,200
1722,95
1200,60
1004,49
1783,125
1656,90
1089,60
1700,110
1198,65
1200,120
1832,160
1105,58
1700,80
7500,425
1464,56
1464,56
1464,56
1464,56
1464,56
1464,56
1374,95
1440,98
2800,250
1210,75
1265,78
1170,75
1900,90
1625,120
1301,120
1145,68.5
1300,90
1372,68
1475,75
1467,55
1140,46
1372,61
1750,95
1027,44
1650,110
1140,46
1372,61
1140,46
1185,60
1127,68
1600,115
1145,48
1009,56
1300,98
1140,46
1126,69
1140,46
1145,46
1142,65
1145,46
1844,95
1203,72
1140,46
4200,245
1140,46
1145,46
1009,56
1145,46
1100,44
1203,60
1120,70
1140,46
1289,70
1844,89
1203,60
1140,46
1200,165
1086,47.5
1225,55.11
1220,54.89
3300,310
1240,70
1027,44
2805,154
1194,47
1202,53
1056,61
1810,100
1194,46
2805,154
1225,67.38
1243,46
1027,44
1920,115
1875,110
1194,47
1140,43
1027,44
1194,46
2017,125
1140,43
1875,110
1092,44
2475,130
1300,73
1194,47
1243,46
1850,110
1225,67.38
1243,46
1464,56
1230,78
1000,44
1300,79
1444,80
1088,68
1027,44
1225,70
1194,46
1830,101
1464,56
1520,96
1300,75
2017,125
1243,46
1027,44
2805,160
1243,46
1027,44
2017,105
1243,46
1243,46
1520,90
1300,60
1985,130
1056,60
1140,42
1245,62
1140,58
1140,42
1027,43
1194,47
1194,47
1560,90
1520,85
1243,45
1027,44
1194,46
1650,100
1580,73
1243,46
1194,47
2805,154
1520,96
1510,83.05
1056,65
1810,100
1243,46
575,38
1194,46
1243,46
1194,46
1140,43
1850,120
1194,47
1194,47
1243,46
1710,85
1730,95
1243,46
1243,46
1243,46
1817,110
1225,77
1285,78
1225,67.48
1225,69.84
1200,46
1315,85
1976,92
1300,75
1309,82
1027,44
1243,46
1243,46
1140,43
1300,75
1243,46
1890,84
1230,67.65
1194,46
1092,44
1735,97
1810,97.83
1200,46
1243,46
1810,112
2400,95
1311,48
1174,69
1197,84
1757,132
1174,76
1754,125
1290,85
1752.12,116
1754,124
1152,69
1290,87
1749,115
1758,133
1197,79
1174,78
1197,79
1174,75
1620,110
1762,133
1756,131
1755,130
1864,140
1331,88
1756,128
1749,120
1197,82
1303,90
1754,132
1174,75
1197,78
1290,89.9
1386,85
1174,74
1174,78
1755,115
1197,77
1752.12,125
2569,180
1197,76
1197,75
1755,117
1197,79.9
2990,225
1370,88
1335,72.76
500,16
450,20
1760,123
5611.5,477
1349,98.2
2483,212
1760,130
1920,134
1337,82
1349,98
1790,127
2790,198
2483,215
812,55
2790,198
3067,230
3067,230
823,50.63
1420,123
1420,99.39
4235,365
1700,124
1420,99.39
1440,115
2400,180
1420,107
1320,92
919,49
1645,135
2080,175
2483,230
2600,195
1645,117
1251,88.73
1645,121
1760,123
2790,198
1645,120
1255,90
1645,117
1636,119
1255,95
2790,198
1255,95
1088,61.45
1349,97.8
1344,108
1255,90
2790,204
1088,62
1987,165
2790,198
1299,100
1645,117
1390,95
1333,100
2650,199
1800,140
2470,203
1255,95
1333,104
1645,117
2600,199
1345,97
985,62
1320,91
2388,195
1040,55
2600,195
2630,188
2790,198
1420,99.39
1162,69
1100,60
4235,364
1299,97
2470,192
1645,117
1920,134
1920,150
2375,189
1420,99.26
1252,92
2790,198
1294,115
1740,137
1662,155
1349,98
1349,96.8
1700,155
1800,175
2900,300
3522,380
2280,200
1200,125
2900,240
1300,102
1466,140
1725,165
1200,125
3408,260
1485,132
1400,108
1800,150
2400,200
2800,220
1785,165
3729,384
1600,170
1730,175
1569,101
3000,210
2026,132
1801,115
1050,56
1341,97
2112.95,145
1703,113
1570,105
1801,140
1584.01,103
1965,125
1200,75
1847,135
1965,132
1703,125
1847,125
2144.6,145
1718,119
1847,123
1340,72
2087.01,115
1703,130
2087.01,135
1718,130
1884,118
1930,122
1584.01,104
1168,68
2162.03,129
2087.01,160
1000,66
1348,80.5
1200,48
1200,48
1075,52
1255,52.32
1225,57
1255,57.5
1259,57
1255,53.5
1285,60
1285,60
1100,60
1255,58
1040,42.12
1255,54.5
1255,55.5
1231,50
2500,125
1160,49
2400,135
1255,53.5
1255,55.5
1100,44.55
1255,57.5
960,48
1020,48
1255,52.32
1295,64
1935,102
1345,69
1255,58
1420,62
1155,54.5
1255,52.32
1255,52.35
1255,54.5
1830.5,84.205
1255,55.5
1255,53.57
1255,56.5
1050,42.73
1295,62
1100,78
1200,70
1945,120
1490,115
1464,115
1441,115
1945,135
2089,140
5000,250
1385,83.09
1317.5,63.77
2264,159
1157,84
1904,120
1891,109
1561,95
2060,149
1482,92
1232,89
1065,42.6
1482,87
1891,139
1703,101
1232,69.61
987,49
2160,160
1680,99.27
1065,42.6
1385,83.09
2350,174
1586,93.94
1975,123
1290,94.5
901,49.5
1445,86.56
1482,97
1182,82.5
1036,59.46
1891,109
1232,69.61
2320,170
1936,118
1480,65
1590,96.5
1445,105
1036,59.45
1832,125
1359,104
1341,75.76
1040,50
1414,84.18
1949,133
1232,89
1250,77.88
2502,180
1831,110
1232,87
1232,74
1232,66
1341,95
1232,88
2365,175
1310,66
1015,50
2264,168
2002,120
1232,69.6
1195,73
1020,47
5100,375
1061,54.92
1020,45
2041,128
1232,87
1066,52.23
973,56
1255,84
1232,83
1832,116
2050,120
1445,86.69
1445,83
1654,97.8
1480,100
1450,88.6
1155,69.18
1053,53
1195,59
1904,129
1981,134
1155,69.18
1590,105
2041,138
1100,78
1880,154
1232,69.61
1748,103
1460,80.3
1933,140
1030,46.5
1232,69.61
1445,89.56
973,50.74
1305,77
1165,67
980,51
1232,80
1085,43.4
950,55
1140,56
1891,110
1165,52
1450,80
1155,69.18
1936,131
1800,80
1200,70
700,27
900,42
1330,65
1062,50
869,36
1240,180
1435,70
1140,56
1715,95
1150,49
1065,45
1065,45
985,67
1425,80
1420,75
1639,110
1639,98.32
1026,60.87
1050,50
1400,78
2400,160
1196,71.74
1500,84
1055,57.63
1925,114
1400,82
706,48.24
1257,69
1132,67.9
1925,110
1257,71.03
1305,75
1240,65
1108,74.23
1257,68.5
1000,48
1063,61.17
1259,69.45
711,42.65
863,40.55
1715,100
1447,76
2144,140
1108,66.46
1837,110
3385,220
1181,55
1490,85
1258.5,59.135
1629,79
1243,58
1234,61
813,39
1160,75
1200,45
1560,75
982,47.65
1650,75
950,39
1106,43.09
1079,41
1060,37
1107.83,41.51
980,38.19
1145,41.21
1000,46
760,37.49
1150,42
625,27
1080,38
994,42.28
1107.83,41.51
1090,46
1400,63
1557,70
1058,47
1156,46
1180,58
1307,51.6
1357,54
925,38
1272,48
1225,49.5
1272,51.5
1272,51.5
1156,46.9
1200,45
1254,47
1610,68
1210,50
1357,54
1272,50
1200,45
1025,45
1081,52
1000,50
1500,78
1150,55
1180,50
1200,67
1200,70
1175,52
1351,53
1141,44.4
1130,42.3
1725,85
1153,65
1150,53.11
1123,56
1385,69
1030,49.35
1018,50.8
1555,75
1143,53
1100,38
1000,50
1200,68
1200,68
765,37.49
1081.5,38.665
1250,60
965,37.15
583,28.275
1129,44
1385,69.25
1065,50.92
1046,60
1400,75
1365,65
1196,44.8
1263,47.36
1015,39.08
1200,73
1250,65
1075,53.7
980,42
1075,53.7
2282,115
1206,55
1310,67
1310,60
1020,45.75
1210,69
1652,85
1161,55.15
1161,55.15
1365,92
1243,48.5
1332,86.12
615,28.29
1318,85.28
1133,52
1016,40
972,40
1161,55.15
1532,98.13
1680,101
880,50
1533,98.18
1040,68.59
1040,61
1245,62
1311,84.86
800,39.99
1364,64.79
1016,45
1360,77.61
1170,65
1161,55.15
1470,84.22
1161,48.75
1016,39.95
2000,240
2378,262
2376,203
3205,380
3024,350
2400,250
1817,153
1304,100
2480,245
925,46.5
2480,260
1596,79.8
1200,100
3205,300
3033,326
2480,265
925,46.25
2376,240
1080,64
600,90
1250,50
1225,40
1740,60
1170,45
1069,38
1095,33.6
1065,31.5
945,35
1003.5,28.095
1065,33.75
1656,120
1194,69
3300,240
1510,105
1427,80.63
1508,110
460,21
1179,49
950,60
1194,71.64
1766,130
1689,103
3600,180
1170,48
1250,55
1689,103
2000,130
1250,65
1689,103
1223,93
1919,117
1325,57
885,40
1100,50
1320,60
1325,56
1125,50
1242,51
1823,100
1300,36
1080,43.2
1100,71.5
688,50
1255,73
1058,48
1375,80
1248,69
1818,135
1225,55
1255,74
1175,45
1255,69
1255,66
1127,65
1200,50
1200,75
1430,90
850,39.5
1000,45
3560,318
1011,38
1276,76
1500,90
1315,60.48
1021,76
581,29
935,45
1050,125
1260,82
450,20
1231,84.5
1916,150
1115,44.6
4000,675
1220,35.23
1310,37.83
1140,32.92
1400,40.43
4400,250
1000,60
1000,60
1310,68
4200,255
1050,51
1602,75
1533,115
1333,77.27
1602,75
1450,90
1200,56.12
1548,89.5
1200,68.4
1200,56.12
1200,56.12
1500,61.52
5667.5,300
3235,235
3596,290
1920,130
1995,135
3596,282
1918,129
2100,145
1920,150
1920,130
1920,150
2000,138
3596,260
3596,279
2666,200
5384,420
3596,297
5515,425
1920,130
3596,268
1180,48
1135,68
672,27
1200,93
1128,105
2800,330
1650,200
1210,102
1224,105
2070,225
500,70
1400,168
2400,525
1145,100
1470,170
2700,324
850,57
3250,600
2601,312
1260,100
1740,191
1650,220
1440,275
1475,171
3200,440
4000,700
850,60
2400,405
1800,350
1650,200
2800,365
1260,120
1149,130
2400,475
4000,680
1080,50
1600,100
1800,95
1475,75
1200,108
1180,42
1060,37
1160,40.53
1850,150
1000,35
1100,70
940,49
4624.5,314.5
1078,45
1050,44
1352.5,93.865
1200,62
1300,90.87
1315,85.4
1690,112
750,52.5
1200,78
1850,110
1100,45
1197,47.88
2700,160
820,45
1750,123
745,34.27
1150,90
1960,138
1250,60
1125,39.98
2400,196
1300,91.65
1107,57
1250,93
1500,108
1405,99
1157,73
1048,44
1150,74
5000,250
1470,70
990,58
1205,70
1000,63
950,57
1417,75
1590,125
1279,77
1710,107
1396,86.51
1865,124
1100,53.35
1760,139
1290,100
1452.19,100
1798,120
1300,85
3181,260.5
1950,131
1230,76
1290,80
1760,110
1483,98
1650,111
2423,160
2197,136
1125,65
1230,79
1202,79
1858,123
1798,110
1785,130
1080,60
1260,71.195
1816,119
1424,80
1290,85
1300,80
1290,80.04
1282,72
1660,104
1291,75
1473,85
1660,104
1950,131
1432,85
1710,110
1765,105
1717,120
1800,115
1719,110
1368,87
1340,55.7
1200,54
1200,54
1200,54
2250,160
1694,125
1400,80
1045,76.77
2113,155
1932,135
1045,58
1020,52
2384,165
790,49.5
1569,118
600,37
615,46
905,55
1000,70
615,46
1470,102
1244,88
1407,98.49
1200,66
1045,76.77
2086,160
1313,68
750,40
1260,60
1300,63
775,34.1
1010,52
1010,52
469,25
1250,62
1355,75
745,36
1100,57.6
1650,175
1800,220
1175,70
2250,400
3095,375
1875,235
900,110
1036,110
1200,70
965,45
1740,120
984,125
918,52
918,48
914,47
927,55
920,46
2400,130
918,45
918,63.2
933,43
918,55
2400,149
937,44
923,50
1221,72
918,49
914,49
918,50
1200,65
914,55
1221,75
1252,70
939,39
1221,70
943,48
918,56
943,49.5
1200,85
1320,95
2400,142
1300,64
2070,162
1700,155
1100,53
1165,49.61
5400,700
1500,162
900,40
1989,155
1300,64
1100,53
1500,90
925,63
1200,135
1050,65
950,40
1050,41
1277.5,56.8
930,39
1155,42.74
1225,46.55
1100,47
1200,71
750,25
1015,43
1470,86
714,28
1142,51
1115,33.45
1021,48
1559,69.315
1035,40.5
1550,71
1192.5,51.22
1100,46
1290,49.02
1100,43
950,40
1156,72
1000,60
1001,30
750,40
1000,44.5
1200,47
1200,65
1076,67
1140,43.32
4300,175
1200,42
1040,50
734,22
1120,36
1150,42
4600,200
1050,55
1057,30
1085,46.5
1700,105
1200,72
3628,246
2000,75
1100,45
1035,40
1116,45
1290,69
1300,57
866.28,36.38
1096,43
1204,58
700,21.5
1205,45.79
1827,97
1075,32.25
1100,39.9
2800,110
1020,39
1200,75
1245,60
1200,62.5
1464,56
1464,56
1464,56
1464,56
1464,56
1464,56
1464,56
1464,56
861,35
827,34
1256,60
1850,98
1400,69
1256,60
1115,40
935,35
1665,70
1532,115
1545,66
1424,75
1257,93
1365,80
1257,105
1184,55
1185,55
1140,78
1762,91.45
1198,58
1890,127
3750,210
1762,110
1900,108
1314,68.2
1645,82
1100,45
1314,78
1762,112
1314,83
925,40.7
1351,78
1010,50
1890,125
1152,61
1394,56
1762,112
1890,125
1088,44
1875,110
1150,42
1762,109
1314,80
1196,60
800,45
1280,56
1275,52
2150,100
1150,42
1110,53
1060,48
1063,42
1470,75
1050,48
1132,42
1100,58
1325,50
1200,53
1035,45.5
1180,50
1140,46
1340,66
1500,75
1215,43
1225,48
1540,75
1240,45
1560,72
1240,58.58
1000,43
1225,48
960,45
775,29.5
1455,75
1045,55
1654,70
1106,40
1485,70
1175,50
1105,39.5
1500,75
1400,68
1150,45
700,38
700,36
950,48
1000,60
950,50
950,47
1150,62
700,35
950,45
950,60
1645,100
1115,50
1220,56
1300,61
1700,108
1342,92
1605,105
1253,81.5
991,64
1250,78
3381,225
1200,50
1804,120
1425,70
1325,76
1450,85
980,40
1187,52
800,30
1565,78
610,39
1040,45
1450,100
1200,45
1902,89
800,40
1222,48
900,40
1837,95
1510,78
1354,70
1200,70
1354,71
856,40
925,48
925,51
1147,54
925,42
1850,95
925,55
1050,50
1054,53
1255,65
1375,75
820,39
3800,300
1640,88
1080,73
2422,150
1280,48
1198,65
1250,65
1190,60
1086,44.5
2285,165
1100,70
1150,75
1155,60
1044,85
450,30
2750,200
1000,80
700,43
565,33
883,45
1082,56
883,45
883,39
883,45
883,39
1082,55
883,37
883,44
883,37
883,39
883,37.01
883,39
883,45
883,39
1082,55
1263,51.5
2700,110
1347,55
2845,140
700,59
1200,80
1100,60
1200,81
2900,200
1200,80
1595,65
810,24.5
657.5,18.41
1156,32
870,24
1018,23.45
990,31.5
930,25
992,25.79
1030,25.75
1015,37
1080,31.99
1415,60
1057,35
982,25.53
985,40.5
940,35
610,18.5
2479.13,215
1365,99
2274.24,160
1600,90
1419,75
711,36
711,38
929,46
551,30
1020,42.83
1699,97
1130,45.2
1476,75
1295,64
1160,46.39
1277,55
1151,59
945,47
1254,70
2200,121
1340,65
1450,75
1130,45.2
1283,68
2130,120
938,50
825,35.475
1489,70
1477,69.5
700,36
1665,88
950,57
2250,110
525,26
525,27.25
1100,58
525,30
1339,75
1100,58
525,26
1843,95.84
1290,74
1665,86.58
1542,85
1300,69
1495,90
1560,92
1420,75
825,36.29
983,50.6
1843,95.84
1500,97
1366,76.85
525,25
2265,136
2200,130
525,30
1051,56.74
525,30
1300,69
700,40
458,19.695
1700,88
2775,165
1900,99
1290,80
1868,113
1366,83
700,40
1339,71.5
670,35
525,30
1498,95
1665,86.91
1665,86.58
712,38.44
1507,95
1339,85
525,27
525,27.5
525,26.25
525,26
1050,59
1600,90
1100,56.57
1843,96.2
1240,65
700,41
700,41
1100,58
1140,65
700,40
525,26.01
1322,70
1698,105
1300,69
1300,69
1167,63
1300,69
1430,78
700,36
1100,58
1300,69
2000,105
1200,62
1843,95
900,46.29
850,37.32
525,30
1938,105
1843,96.2
525,26
700,36
1622,95
957,58
957,56
3000,200
1536,89
2400,130
1574,93.34
957,52.5
1536,104
957,54.5
2422,135
957,55
957,56
2500,180
2500,190
1962,175
1057,65
1354,98
1945,115
1960,165
1060,58.06
1563.05,105
1717,99
3260,240
1349,78
1121,78
1100,50
1200,78
1476,89
1200,50
1719,116
1115,50
1125,61.2
2170,151
1476,95
1200,50.3
1787,123
1090,59.8
1691,104
4260,272
2111,120
950,39
1105,42
770,43.82
1147,60
1375,72
1200,60
4260,333
1495,83
4000,325
1225,69
1917,132
1375,78
4408,344
1309,95
1476,105
1158,67
1214,67
2110,120
1495,110
1575,85
1069,55
1100,68
1715,112
1100,65
1230,66.25
1585,90
1245,80
2035,142
1747,110
1377,80
1181,61
1121,75
1200,50
1925,125
1567,92
1565,88.5
1101,65
1896,125
1000,58
1101,66
2507,155
1400,77
1250,68.75
1245,68.48
1350,87.01
1350,80.99
1365,75.08
1300,77.99
1350,80.99
1390,76.45
1350,78.3
1250,68.75
1300,77.99
1335,73.43
1300,77.99
1300,77.99
1335,73.43
1350,80.99
1250,68.75
1350,80.99
4100,140
2800,125
1062,47
1200,70
1200,52
1020,52
1200,49.5
945,50
1060,45
1100,46
1185,49
997,53
1060,42
480,25
1125,41.5
1180,60
1450,75
1066,55
1025,60
1400,75
1269.72,68
1265,70
1012,59
1250,68
1540,85
1220,65
3535,215
1900,155
4200,225
1015,58
1150,58
1280,69
1410,73
870,45
1150,60
700,35
1060,52
1150,57
1720,100
750,38
1200,58
1025,57
1082,49
750,36
726,35
416,19.5
900,45
502,25
1200,67
500,17
540,22.5
750,35.5
1741,80
1200,58
750,36.5
416,18
883,49
1052,51
1220,63
1150,52
1192,53.5
750,40
600,35
1035,51.5
3000,130
410,15
416,17.19
2500,100
1082,42
1840,95
890,35
883,45
1415,66
930,30
1635,78
1050,43
1007,42
818,26
1030,50
795,32
1302.5,44.285
800,40
654,22
1060,42
750,33
920,39
985,42
410,15
1120,49
1110,43
1170,50
777.4,25
800,32
950,32
1400,48
800,28
904,30
1000,30
1240,41
600,19.5
1080,32
1000,34
1015,35
1839,165
1904,155
1517,125
1839,160
2400,89
1200,70
850,27
829,22.8
1976,184
1012,59
1012,59
1480,75
1430,70
1245,60
1012,62
1190,57
995,41
1495,75
1125,52
1150,48
1070,43
1620,85
1026,45
450,18
907,38.5
1181,57
900,42
1400,66
976,50
2700,125
1299,58
1166,55
1320,65
1117,56
1200,55
1200,60
1013,51
1324,65
965,38
866,32
1442,80
1270,98
655,53
1820,150
3252,335
2700,270
2392,260
2408,260
2500,260
1620,130
3260,388
3197,335
1490,150
1440,88
1909,88
1170,51.99
1140,50.66
1200,53.33
540,36
1190,50.66
1140,50.66
1559,120
700,30.84
1250,55.55
1200,53.33
952,49
700,30.84
1250,55.55
2456,85
1140,50.66
1140,50.66
2791,223
884,58
1400,73
3000,160
2400,180
1423,85
3040,180
1165,47
1050,35
1075,57
1000,50
1320,165
1253,102
1580,160
3500,425
1005,110
2292,275
1290,100
1300,110
1325,119
1140,75.2
1260,100
1975,210
1900,200
2292,286
2300,290
1320,150
1320,110
5985,775
2246,300
1083,100
1744,200
1180,128
1320,160
1370,125
1100,85
1249,165
1200,100
2223,300
1744,210
1866,245
1320,160
1350,103
6000,625
1320,160
1710,210
1355,95
1600,170
1260,100
5000,600
1206,48.23
1100,40
1197,47.88
1197,47.8
1070,42.79
1070,38.6
1485,59.4
1215,48.6
1404,56.15
1200,51
2400,150
1828,110
1186,58
1847,105
9600,550
1435,70
1187,58
1847,110
1460,71
1185,59
1436,70
1462,71
1790,105
1070,45.5
1145,56
3401,230
1455,69
627,30
1302,68.5
1760,111
1185,58
1500,75
1075,53
1790,97
2700,175
1786,106
1787,107
1141,54
1760,110
1160,57
1095,55
1142,56
1074,54
1285,60
1075,53
1140,56
1400,70
1140,56
1787,120
1185,59
1790,105
1130,55
1094,54
1170,80
1400,65
1195,59
1790,120
1454,71.5
1100,38
2180,285
2180,273
1152,53.5
1027,43
1092,44
1027,43
1092,44
1143,55
1024,44
1600,79
1027,42
1076,50
1027,44
1084,53
1300,56
1027,44
1245,60
1027,44
1110,46
2100,114
1027,44
720,33
1027,44
1162,52
1041,53
1535,83
1535,85
1535,86
1564,92
1238,55
1335,89
703,52
1535,86
1532,83
1113,50
1185,50
1215,45
812,38.25
1547,103
1336,86
1919,121
1464,56
1535,85
1850,120
940,69.57
1215,44.96
1164,75
1183,79.54
1850,110
1183,79.54
1200,44.4
1310,53
1060,60
2200,350
2000,207
1150,250
3500,800
1240,52.6
1488,65
1486,65
2000,139
1000,48.5
1000,58
2400,125
1310,70
850,78
3200,150
1310,85
2450,110
3100,145
1200,75
1081,60
1180,50
1724,125
1030,49
735,57.99
1047,82
1397,105
1724,127
1010,49.27
1397,110
1397,104
1397,108
1920,150
1397,105
1724,124
1047,84
1047,83
7000,550
1120,53.76
1047,82.62
1047,91
1724,146
1600,170
1724,125
1010,48.27
1047,89
2500,245
1397,105
1047,72
1260,58
3092,230
1065,70
1724,146
1047,91
1724,128
1315,74
2100,150
1724,125
1724,140
1175,65
1280,69
1505,90
2600,140
1800,95
1200,70
1200,69
450,25
1043,55
665,32
1400,80
1184,62
1000,49.5
1200,48
2800,125
1200,75
1500,60
620,48
750,28
780,31
600,22.8
1800,120
3000,265
1185,75
1600,108
1180,75
1172,82
1179,75
1149,75
1336,100
1175,75
1190,75
1200,75
1200,75
1165,75
1145,75
1500,104
1210,75
1169,75
1200,75
1172,75
1172,75
1180,75
1200,83
1200,80
1195,75
1200,80
1200,75
2400,185
2031,200
1431,65
1535,72
1000,150
985,156
1919,300
1614,110
1140,76
3100,250
1521,95
1511,95
1683,109
1519,93
1521,94.99
1682,120
1521,94.71
1893,130
1705,110
2245,154
1682,113
1682,114
1506,95
1683,110
1684,120
2236,153
1894,114
2240,160
1350,80
1203,59.86
800,55
1035,55
1950,90
1250,55
1500,65
1500,65
970,40
1783,115
1800,68
2400,88
1250,39
1250,43
1250,39.5
1165,45
1116,50
884,41.1
1005,55.78
1000,46.5
1500,93
1345,55
1116,51.89
1052,60
940,50
1318,68
884,48
1150,52
1250,52
1260,57.6
730,35
1434,67.39
1146,53.8
1532,62
1620,76
1136,64.5
1400,65.8
1137,53.4
1601,95
1450,75
1152,54
1212,56.9
1505,78
1500,70
1236,58
1236,58
1120,53
1410,73
1575,158
1105,80
1200,110
1876,150
1500,233
3000,300
1134,40
1685,60
1567,62
485,15
500,15
1665,95
1665,86.58
1340,61
1325,70
1665,86.91
1325,70
905,40
1325,65
1325,73
1565,69
905,35
1100,76.3
1225,60
1100,64.08
1140,46.5
1225,46.86
1052,50
1405,77
1065,50
1210,55
1060,40
1430,69.5
1421,90
1245,55
1200,46
1225,52
705,67
12000,2200
2500,325
2006,297
686,62.5
2475,332
2610,399
2475,320
900,95
1420,158
2000,250
2215,275
1600,160
2475,300
2215,310
480,60
1290,120
2475,326
2476,337
900,90
2050,270
900,72
620,86.8
2475,337
2215,275
2215,330
1020,80
2200,275
2475,326
1500,140
2475,340
1400,190
2475,300
2400,380
1410,125
1100,48
1200,55
1100,46
1050,45
1150,47
1250,56
1200,125
1140,52
1600,75
1508,70.25
1533,85
1307,59
1095,57
1840,85
1220,57
1200,52
1200,60
1933,140
950,46.96
1230,80
3800,250
1019,49.85
1215,67
2181,152
1170,53
1019,49.86
1325,71.55
1220,56.5
1152,56
1610,90
1146,70
1469,89
2519,185
957,46.9
1583,105
2524,190
1071,52.25
1215,58.86
1102,53.67
1900,123
1045,60
1215,58.86
1365,73
1208,70
1325,92
1525,90
1937,140
1550,83
1350,86
957,47
1230,57
1200,58
607,35
1583,109
1075,52.43
1360,103
1220,58.5
950,45.68
615,44
1595,90
1350,89
1020,57
1600,88
780,55
1710,100
1358,81
1205,75
1730,110
1583,115
1200,67
1095,60
1060,48
1050,65
1102,53.67
1026,49.95
1220,59
881,48.06
1710,100
1680,105
1910,119
1602,104
700,38
1469,89
1690,116
1065,55
1693,125
1693,125
1196,57.9
1595,88
2122,125
1730,115
1125,55
1950,115
1250,68
1125,56.8
1350,90
1200,53
2500,175
957,47
1350,60
3400,235
1350,99
1285,55
2500,181
3800,235
3951,230
1125,54.8
1700,126
1270,73
950,46.7
1550,85
1019,49.86
1144,65
1240,55
1100,75
1156,52
2524,180
1135,60
1839,130
1170,85
1102,53.67
1108,60
1449,110
1360,101
1026,50.18
1270,80
1100,50
1196,57.95
1485,90
1146,69
840,75
1090,58
1200,58.5
1200,67
1200,65
1000,57
1200,69
900,49
1140,60
1100,55
1152,66
1200,65
1050,58
1160,65
1334,67.76
900,46
1800,145
1200,120
1250,39.5
850,35.5
1250,42
950,47
5000,299
933,55
1550,150
1590,120
1150,60
1500,130
1350,175
3000,250
700,41
1552,51
990,35
760,38.5
4050,280
4111,250
4428,255
3900,250
5000,210
1550,65
1125,40
1190,39.25
800,29.5
1250,44
1171,39
1200,53.5
1670,59
1140,43
600,52
1113,51
1360,59.27
1312,56.5
1113,52
1230,48
1560,66
1550,160
1475,171
2375,260
3700,314
1170,52
1102,53.67
1390,68
1200,49.5
950,46.5
1560,75
1750,86.5
1385,66.5
1080,45
1170,59
1200,57.9
1030,50.36
1296,81
1550,74
1845,91
1185,85
1225,48
1930,75
1600,65
1344,56
1500,70
1855,96
1175,75
2405,260
1110,55
1110,41
1175,73.5
1710,91.31
1020,48.95
1175,73.5
1070,45
1239,53
1060,62
980,45.47
883,40
1525,96
1200,65
883,40.95
1070,49.65
883,50
1155,51
1003,43
1237,73
883,45
1170,65
1029.5,50.855
940,43.61
1020,48.95
1568,100
1175,70.5
1080,60
883,37
1020,45.9
1105,49.73
1022,45.9
1020,45
1019,45.9
1020,46
1021,46
1021,45.9
1565,75
2500,130
1125,45.56
2150,115
1250,75
1789,75
1731,64.11
2400,125
2700,95.75
2000,160
1250,65
1240,65
1240,65
1001,33.03
1103,55
1143,62
2260,80
600,33
1451,68
1200,39.82
1209,50
1100,43.5
1495,65
1820,79.5
1350,60
1495,70
1630,98
1350,150
1200,150
2400,160
884,36
1055,55
1223,60
956,49
1200,150
1400,85
1145,40
710,40
1212,50
1020,55
1120,53
1146,50
1190,63
1050,80
2500,180
1400,135
1100,46.2
1080,49
1800,180
1225,58
980,48
2400,145
1650,95
1500,91
1350,65
750,40
400,14
2172.65,120
2319,180
2430,180
936,40.2
1125,44.5
1315,70
1077,50
2496,125
1110,44.95
1247,58.56
1392,99
705,52.5
1300,80
705,57
705,55
705,57
1335,110
1260,85.5
3500,245
3602,280
500,51
1641,66
1178,47
1095,45
1350,81
1250,65
1520,80
1044,60
1620,95
1265,68
1100,62
3200,200
1200,110
2150,205
1069,55
1800,85
1360,65
1308,89.04
1566,83.3
1485,85
1302,69.1
1308,89.04
2357,135
2357,135
1469,99.14
985,55
1350,68
1035,60
2100,150
1053,45
1363,68
2556,133
674,21
527,26
1167,38
1060,35
640,20.5
1105,30
1100,30
2111,103
1163,68
1775,110
2363,120
2342,115
967,41.1
1374,72
1674,90
1269,63
1100,50
1674,81
1095,40
1470,34.5
820,24
2600,95
820,30
1100,48
2000,130
1500,95
1116,49.8
1020,70
1415,78
3000,510
1800,88
1424,55
920,37
1140,49
2000,160
2849,250
1942,155
2420,185
1078,65
1101,65.5
1041,65.5
1300,80
1085,64
1855,145
1050,48
1165,88.5
1101,66
3400,275
1798,89
1518,76
1161,59
1298,65
2732,204
3356,251
1206,75
2774,207
2690,191
2690,199
1655,97.65
1075,60
1858,167
1150,90
2690,191
2658,187
946,58
2774,208
2774,208
3200,280
2690,201
1145,75
2732,194
2658,189
2774,197
3496,262
2774,197
2732,204
1798,150
2774,208
1184,78
3504,262
1055,75
1425,94
935,45
1720,100
1200,72
1225,53.55
1100,70
1171,75
935,45
1065,47.86
2010,125
1480,84
1210,74
1171,72
1480,95
1210,80
1859,121
2300,142
1210,80
1210,77
1330,74
1720,106
2990,170
1171,73
1630,110
1165,52
2640,170
1165,51.42
3300,318
3317.5,268.5
1198,84
4051,345
1500,97
3664,325
1738,110
1242,39.7
1206,38.5
1020,63
1176,62
1258,115
1100,65
3400,210
4500,360
1200,60
1000,90
1067,52
1100,60
2051,180
2051,170
1006,35
1550,90
1050,40
1400,67
1100,50
1255,80
1075,35
1400,57.5
1175,60
810,34.5
1000,34
1000,42
3800,175
1068,48
1510,65
1480,145
4346,500
1359,87
1438,100
1688,118
1198,77
1180,70
1546,99
1000,65.3
1109,63
1000,68
1255,79
1205,62.9
1198,82
1235,65
1210,80
1210,77
661,40
1210,78
1050,60
1398,97
1065,58
1007,64
1210,77.93
1230,80
980,57
1075,60
1210,69
1343,76
1827,100
1194,47
1194,47
1194,46
1194,47
1194,46
1194,47
1194,47
1092,43
1194,46
1194,47
1194,47
1194,46
1194,46
1200,225
850,35
850,35
1900,65
1550,80
1025,44.5
1247,59.8
900,42
1302,66
1550,80
1247,62.35
1350,68
966,49.9
1870,110
814,55
1286,67
966,49
966,50
1105,28.18
920,39.55
1160,46.39
965,48
1160,46.39
1160,46.39
960,50
1160,52.2
1355,58.25
1270,57.15
1500,218
1280,49.75
1115,46
801,33.645
4050,600
2028,162
1352,87.5
1190,68
1352,85
1352,75
1352,93
2273,192
1352,72
588,88.2
1450,65
1076,52
1200,120
1040,46
1200,45
1235,65
1140,130
970,55
1560,125
1200,60
1200,140
1100,125
1150,72
1500,185
3600,165
1080,48
1325,52
1300,145
1100,85
1667,130
2000,365
4470,700
2550,290
1630,85
1685,95
1152,57
1862,120
1100,68
1700,111
2100,145
1000,50
1427,70
4750,600
2500,450
1050,52.07
1050,55.5
1050,53.5
1220,59.5
1050,52.5
1050,52.1
1050,53.5
1113,55
3657,220
680,32.64
1050,52.5
690,39.8
1200,50
1050,47.25
1050,55.5
985,49.97
1050,52.5
1050,52.08
1050,52.07
1050,52.08
985,49.97
1856,106
1050,52.5
985,50.17
2600,160
985,50.17
1050,52.71
1499,89
1770,90
1175,48.27
2431,100
900,30
1070,35
1440,65.8
420,23.5
1540,60
1295,43.9
1145,45.79
1419,48.1
1295,55.47
1133,49.07
1090,42
1141,38.55
1140,49.39
1303,55.79
600,22
1278,53.76
500,25
1143,38.65
1610,74
1258,63.53
1128,38.24
1157,53.8
1185,47.39
1530,61.2
1030,50
1144,38.55
1196,51.51
1306,55.91
1608,67.98
1575,78
1151,39.02
1570,65
1196,51.15
1419,48
1560,62.4
648,31.75
1100,55
1140,38.55
1090,43.59
1023,42
1070,50
1510,59
4800,225
1128,48.79
1267,42.85
550,21
1120,37.95
1210,45
1240,53.27
1395,72
1165,45
1120,37.97
1140,38.65
1095,38.33
1420,60
1303,44.17
1185,40.17
1140,49.27
1095,38.33
1280,57.6
1303,55.79
1133,38.41
1151,49
1267,54.35
1100,50
1185,40.17
1751,72
1306,44.17
1196,40.44
1128,40
1151,39
1375,54.99
1060,48
3900,195
1128,48.79
1170,50
1185,51.15
1255,53.87
1419,60.42
1693,71.38
1196,40.54
1196,40.54
1133,38.37
1140,48.7
1140,38.65
1140,38.55
1295,55.47
1133,40
1110,52
1185,51.15
1295,43.9
1279,53.76
1196,40.54
1240,40.54
1240,42.04
1530,64
1587,73.8
1295,55.47
1450,67
945,45
1303,55.78
1419,48.1
1700,86
1270,62
1260,62
1196,40.54
1580,66.85
1050,37
1196,40.54
1206,40.7
1000,50
1485,63
1335,56
1255,42.54
1530,64.86
1140,44
6000,215
1140,39
510,22
1187,40.14
1320,73
1056,55
1060,52
1640,229
2390,415
2390,410
3516,540
1640,223
3526,558
1800,260
1640,241
1370,170
2409,360
1718,288
2386,334
1200,150
1160,163
1222,112
660,75
1440,170
2448,400
1440,185
1640,230
1800,250
3100,550
3526,598
1357,130
2300,369
1640,220
2500,350
2559,403
1763,262
1640,220
1800,240
2533,425
1268,127
2450,330
1640,262
1200,200
2367,375
2440,415
1640,251
1640,268
2367,340
1720,224
3600,510
1357,123
2400,408
2500,340
2390,372
2415,399
1718,275
1763,240
2367,320
2409,395
1314,225
1440,165
1640,245
3259,270
2000,85
2000,85
1170,68
1293,75
1293,80
1293,80
1750,100
1690,125
1263,93.32
2340,148
2340,129
1330,93
2340,129
1309,80
2340,145
2330,175
2340,160
1151,48.77
1251,47
1235,52.04
1610,111
540,30
1235,46.8
1215,51.26
2257,157
1251,47.4
1610,115
920,65
1215,45.5
1253,52.66
1295,95
1151,50.5
1235,49.3
2257,159
1295,95
1910,142
1215,46.1
1251,50
1610,115
1151,43.6
1251,53
845,45.82
1910,150
2040,114
1251,46
1151,46
1610,112
1610,115
1200,56.1
2787,220
1125,75
1151,42.5
2257,155
1500,100
1910,131
2770,290
1500,185
2770,460
6200,720
2770,315
630,70
3700,225
3500,150
1050,37
1040,50
1200,72
360,26
950,50.79
1200,66
1525,100
1200,80
1200,42
1100,68
1185,45.5
1170,46.8
1150,51
1200,48
1110,65
1200,78
600,43
1006,57
1200,76
700,33
1125,47
1000,62
1334,67
1200,46
1200,57.9
1360,45
1170,44
2200,130
1050,51.66
2316,125
1101,50
1150,40
1050,37.8
935,39
1200,68
540,35
960,35
1350,48.6
1185,42.66
1075,58
1385,48.48
1300,70
1230,53.51
1040,36.4
1200,90
1314,63
1065,44.95
1708,75
1199,48.5
1577,67
1253,57
583,26.9
1198,54
1555,75.17
1458,60
1179,55
1601,70
1708,76
470,21
3600,145
1357,59
1508,75
1256,65
1508,75
1508,77
1256,65
1685,110
4900,980
1550,160
800,85
1100,90
3600,400
2150,240
1352,135
2200,187
1233,100
1100,145
1835,175
2380,242
1050,67
955,53.55
1215,46.5
910,42
1215,49.86
1170,86
800,50
1490,88
1170,86
1200,145
1525,68.63
3500,500
1230,43.48
1394,52
3761,660
2780,480
2720,485
3761,650
3850,650
3500,700
7500,1500
1500,95
1100,56
1219,48
1100,75
1655,115
1150,54
1270,69.85
960,56
1048,50
1160,55
1200,75
2500,200
1914,179
1500,125
1100,55
1914,149
1000,60
1175,49
1370,90
1100,55
1100,75
1180,72
1200,60
1032,45
1200,46
1270,96
1201,80
1200,54
1291,72.3
1339,55
1686,77
799,38
799,35
1200,125
1030,80
1200,61
1000,70
1100,98
1150,72.2
1800,180
3300,250
1900,180
1575,90
960,55
1050,59
1150,70
1500,150
1180,80
2795,235
2250,180
1185,38
1455,45
2121,253
2289,260
2500,325
2145,270
1200,128
2663,338
2250,148
1600,75
1242.5,43.49
913,32
1128,60
1185,47
649.5,17.535
1020,35
1195,42
1240,44
950,32.5
1285,68
925,25
3190,160
1215,40
1200,78
1000,30
1157,40
2238,140
2020,85
2885,185
1240,44.3
625,19
2585.5,139.5
940,25.38
2100,125
913,36
1404,53.35
1830,88
1364,56
1124,30.35
1044,32
650,19.87
1175,42
1240,43.1
1032,42
1044,34
1200,76.13
1200,62
900,27.98
1205,29
850,32
1175,41.68
920,33
1150,41
1200,42.6
1333,50
1044,36
950,35
2172,100
633,17.09
1451,87
2400,140
1525,68
1095,45
1425,57
2497,140
1787,98.29
1787,125
1000,67
1346,74.03
1195,70
1550,100
2100,125
1691,113
1278,95
2238,140
1800,110
1984,146
1128,59
1700,110
1157,75
1282,72
4111,310
3900,300
1050,62
1700,135
1691,119
1846,140
1200,95
1819,100
1845,110
1233,77.65
1680,112
1255,92
1311,78
1157,75
1145,75
1300,70
2180,170
1750,110
1200,70
2600,200
5965,385
685,40
1241,82
835,46.95
1280,76
1263,78
1691,98
1308,83
1592,91
1150,77
1965,120
2275,180
1418,78
1200,93
1115,60
1525,87
1346,71.32
715,29
1230,94.5
1750,99
1145,62
1500,88
1846,145
1067,60
1700,95
1230,65
3785,280
2556,169
1278,90
1305,99
1755,122
1700,93.5
1060,55
1455,98
1850,140
950,39.9
1826,130
1660,116
1700,108
1539,85
1489,82
1200,75
3044,183
1877,150
1229,70
1342,70
1711,110
1050,63.5
1350,102
2990,240
1457,85
1685,135
1200,70
984,55
1320,100
1984,145
1550,89
1691,113
2070,160
1435,90
1262,67
1693,125
1826,125
1660,116
1830,119
1059,68
1157,74
1700,118
1691,120
1308,75
1580,125
1763.25,98
1826,130
1550,98
1819,100
984,59
1489,88
702,52
1242,75
2275,185
2100,135
1700,93.5
1862,110
2275,175
1787,116
1691,93.01
1028,56
1181,65
1691,100
1026,60.55
1350,85
1157,72
1019,62
3418,235
691,31.1
1881,145
2275,182
1881,145
2880,211
675,27
1346,74.03
1691,119
1335,95
1680,126
1222,68
3420,225
1510,110
1242,78
1129,69
1850,140
1157,75
2425,175
1323,74
2289,178
2100,130
702,35.8
1800,128
2275,187
1026,60.8
1216,70
1112,62
1157,69
1026,60.8
1600,120
1346,74.03
475,26
1660,116
1346,69.61
2089,148
1612,98.38
1290,88
1371,86
2140,139
1044,55
1691,119
2206,180
1309,69.5
1691,100
1367,80
1984,148
1346,74.03
1112,58
1340,75
3500,275
1132,70
2425,195
1929,115
2425,173
1636,97
1936,139
1275,76
1182,64
1330,48
1329,45.95
829,22.8
2400,85
1033,28.41
1676,52
1800,90
1308,37
1073,31.77
1330,49
1090,37
1126,36
740,23.65
1555,52
500,24
1504,100
1504,102
5500,600
4104,360
4041,345
1840,155
1533,150
1804,150
1720,83
1684,86
1296,75
794,60
1143,65
1665,110
1512,80
1332,101
1600,90
1231,66
3000,260
3800,580
3000,270
3000,275
1163,98.86
1760,145
3900,300
1163,98.86
1342,115
1760,160
1760,142
2400,195
1760,185
1162,98.77
901,35.14
800,50
1118,37.5
1200,62
1155,72
1830,82
4000,235
1096,41
920,27
1553,68
1639,120
3000,235
1134,45
1683,80
1176,50
3000,240
1515,88
1166,53
1100,55
1350,68
1500,90
1360,73
1217,164
2650,150
1200,53
700,35
1400,70
1475,78
1700,75
3060,350
925,100
1630,200
1450,230
1600,180
3290,460
1280,87
1602,165
1602,170
3000,240
1130,74
1130,75
2250,180
1500,115
2072,108
925,48
2710,142
660,35
8000,550
1121,43.72
1442,56.24
1555,67
1532,59.75
1025,39.98
1350,45
1255,60
850,55
1554,130
2200,110
3820,306
703,49.5
1460,90
1226,60
2040,59
1176,45
1080,38
14000,800
1275,105
1150,90
5480,400
900,27
900,52.3
750,20
900,25
1200,50
1300,58
1435,60
1250,54
1084,50
1550,70
1480,75
825,35
985,45
970,45
1030,55
1100,52
1300,65
1010,40
1375,58
1120,60
1510,75
1179,56
1416,67
1476,73
1139.7,45
1465,60
1653,85
1500,115
1050,110
1255,67
1448,68
1178,73
1260,60
1033,48
1329,70
2372,140
1185,70
2400,140
1650,95
1186,72
825,33
1020,41
1126,39
825,32
1360,45
1350,47
2150,85
896,43.75
1120,43
1100,44
1011,50.53
614.5,30.715
1484,74.18
1610,80.48
1415,65
1268,58
1268,56
605,30.24
1484,75
960,32
3200,270
1195,42.4
1050,49.5
1080,149
2750,943
1180,78.34
900,55
900,45
1200,75.6
1230,55
2736,130
1485,156
1200,100
824,60
4000,630
1455,55
1400,53
900,55
929,50.17
1200,52
975,58
1277,55
985,58
1245,68
1313,73
1313,66.5
1255,79
1330,72
929,48
950,55
929,56
1260,76
960,55
1260,73
1278,70
929,49
1260,75
1000,45
929,51
1880,110
1425,55
1400,56
1100,45
900,45
1765,80
1009,65
5000,325
1070,49
2000,80
1200,68
600,24
1753,120
1750,120
1569,70
1559,62
1563,63
1500,240
1200,130
1230,75
1475,98
1200,60
1240,60
1500,100
1200,65
1200,70
900,55
4800,302
1000,64
900,55
1200,66
900,55
900,55
1200,65
1500,75
1000,70
1100,65
1800,80
1200,70
1350,55
900,55
900,55
1082,64
1152,55
1580,100
1030,61
1340,77
1868,131
2038.5,120
2106,126
1868,121
2106,126
1868,135
1856,135
1868,120
1804,115
1856,135
2254,153
2106,148
1856,135
2273,159
2099,147
1100,50
1100,49.49
1575,80
2273,145
1175,62
1804,127
1062,42.48
2038.5,122
1800,84
2265,159
2099,134
950,60
930,55
1500,70
1504,67
2700,90
3000,240
1425,75
1550,59
1410,54
1410,54
720,28
1200,54
1200,54
1296,80
2144,145
1296,83
2144,135
1093,70
1265,79
1651,97.38
1265,85
1564,101
1847,123
1697,114
3500,160
1573,95
1917,122
693,34.3
1098,68
760,50.3
2002,112
1697,115
1380,62.1
923,60.84
923,45.69
1296,72
1698,102
1411,93.04
1996,135
1801,115
1265,82
1917,113
662,42
1948,130
1098,74
1564,104
2127,135
1276,75
693,34.3
2259,135
1265,78
934,55
1056,68
1595,110
1411,93.15
1093,68.1
1093,72
1698,107
1564,105
1265,83
784,35.285
965,56
1546,95
777,38.535
1697,110
1492,88
2072,122
1880,120
760,50
933,58
1917,110
1996,123
1183,77.25
1491,88
662,29
1564,100
662,45
1573,98
1262,83
1056,65
1702,115
1343,75
1935,122
933,55
1183,77.3
662,38
1265,72
1595,105
580,27.5
2087,139
1098,71
1411,93.25
1732,112
933,61
1702,107
747,34.355
2030,125
1948,129
1573,90
1056,70
1595,96
1245,83.05
1261,80
1884,117
965,54
1930,122
777,38.46
1930,120
760,50.4
663,32.82
1801,115
3671,220
1305,90
1965,125
1573,100
1917,130
2357,151
2872,183
3144,455
4110,590
4209,602
1297,103
1418,95
1418,103
1418,101
1418,104
3122,225
1418,103
2072,159
1418,106
1418,104
1418,105
1418,104
1418,106
2072,155
1830,135
1418,105
2072,160
2072,160
2072,155
2072,153
2072,157
1418,105
3362,249
4190,325
1400,105
1297,98
650,30
1378,42.33
1100,39.5
1161,36.69
1161,36.69
1100,70
1602,56
1250,59
3800,239
1200,78
1128,75
1185,65
975,55
1330,75
1085,70
1216,80
1200,79
1200,80
1200,79.55
2625,175
975,50
1584,101
800,100
2000,145
1270,95.25
1040,68
1998,117
1500,87
7500,400
1357,65
1500,87
1370.07,65
1165,59.8
1050,55
1100,55
1255,56.7
1260,55
1500,95
1779,112
1586,100
1098,72
1354,90
1240,84
1239,82
1246,82
1500,100
1416,94
1027,60
1027,68.62
1459,95
992,60
1066,52.5
1240,79
1441,95
1240,83
1027,67
1354,85.86
1936,54.21
1270,35.56
1000,75
1630,68.29
1440,60.33
1440,63.93
2400,75
2135,215
1275,120
1200,60
1180,100
1340,90
1500,125
2000,185
1255,120
1685,185
2135,170
1160,130
1300,67
1050,70
1440,62
1143,45
1020,45
1286,63
1101,45
1175,47
1390,62.55
1330,56
1008,45
1390,60.47
1617,66.68
1150,49
1330,56
1200,44
882,30
993,39.71
1045,45
850,37.93
1345,57
1089,43.55
1279,48
1425,64
1155,40.42
1050,42
1300,55
1250,55
1200,50
1085,43
1175,47
1175,47
1215,52.85
1325,53
1300,60
850,35
1360,61.2
1134,45.36
1320,55.44
1390,61.16
1090,45
1050,42
1123,48
1329,56
938,35
1100,45
1125,47
1390,62.55
1180,41.3
1160,45
1280,60
1190,53.55
1330,57
1560,74
1125,48
1320,55.44
1160,40.6
1065,42.59
1075,46.76
1155,40.6
1215,52.85
1180,41.3
1002,40.08
1002,40.08
1075,40
1155,40.43
1025,35.88
1125,47.65
1300,55
1025,35.88
980,45
1125,47
1175,47
1525,62.82
1213,48
900,35
1065,42.6
1125,47
1270,55.25
1270,55.25
1107,45
1200,55
1500,68
1120,50
1150,46
1330,58
1050,42
1125,48
1345,57
1345,57
1037,36
1000,39.5
1125,45
1308,53
1160,40.58
1000,35
1330,57
1125,47
1165,42.09
1260,55
1284,53.36
1150,45.99
1290,56.12
1328,56
1040,36.4
1290,56.12
1075,46.76
1345,57
1133,55
2108,85
1000,44
1750,85
2500,120
2300,200
4800,420
4800,420
551,30
1254,70
1432,79
2000,103
2000,99
1334,62
1280,55
1088,43.5
7000,560
1160,44
1385,80
1535,65.99
1024,42
1125,40
1112,40
1055,45.35
1280,65
977,36
1250,71
1200,67.75
1111,41.88
1140,55.5
1012,59
1140,39.9
1090,48
1450,71
1210,60
1070,46
1360,85
965,34
1120,44.24
1395,79
1085,45
1250,47
1200,68.38
1155,60
1035,60
1155,39
1180,55
1738,57.35
1045,40.65
1155,39
1615,69.43
1210,64.15
1105,38
1560,90
1760,85
1210,54
1112,40
1665,71.58
900,27
1277,59
1247,58
1050,42.7
1255,52.76
1033,32
1140,49.11
850,25.4
1330,64
3025,500
2328,528
2295,650
1500,95
1600,76
900,44
1022,40
1135,39.73
995,34.82
995,34.82
1037,36.28
978,34.22
1037,36.28
3000,264
950,45
1250,55
595,42
596,42
3080,285
5720,350
2700,260
1545,85
2020,270
1603,125
1650,165
1300,129
850,72
1276,146
1115,115
1440,95
1062,38
1200,55
1060,55
1100,54
1440,70
1100,54
1000,35
1120,70
945,40
1100,54
1200,65
1200,52
1050,50
1188,50
1100,75
1100,72
2400,135
1100,41
1200,60.5
1200,42
1200,55
1100,47
1110,58
1000,35
2400,150
1374,70
1605,85
1200,68
1700,68.5
4000,460
1704,110
1933,129
1450,100
1580,134
1826,121
1739,116
1490,100
1180,65
606,34.78
1352,68
1527,115
989,60
1520,103
1749,117
1046,75
606,40
1200,62
1760,140
2047,136
1200,75
1178,82
864,45
920,60
1019,58
2400,125
1180,86
1046,49.06
2400,230
492,40
1290,71.95
1275,47
705,36.5
1758,95
1340,65
1200,52
1145,51
1196,56.81
1110,52
1215,49.75
1075,55
750,30
2000,75
2100,92
2000,90
2159,110
2159,120
2200,115
2159,120
820,30
770,30
910,36
890,37
946,38
1200,80
1100,49
1000,45
1404,71
1246,67
1404,69.3
1246,67.3
1246,64.5
1246,64.5
1246,68
1238,67
1404,75
1246,65
1238,67
1246,67.4
1259,67.4
1404,68.8
1246,62.3
1246,63
1246,67.4
1246,65.4
1238,67.32
1246,67.4
1246,67.3
1404,70
1259,67.48
1404,75
1246,67
1404,72
1246,67.5
1246,67.5
1404,70
1246,65
1246,67.4
3000,130
1600,160
1070,33
1070,33.15
1067,33.99
1070,32.99
1070,33.43
1095,39
1610,81
1459,94.82
1280,75
1910,161
3252,230
11890,700
1150,70
1768,101
4144,315
4104,360
1790,100
1720,100
1640,91
2280,126
1897,130
2225,125
2268,163
2400,200
1360,95
1697,94.79
5000,400
3000,250
1700,115
2842,162
1500,130
1280,75
1405,78
2225,115
1272,95.05
1192,71
1626,89
1585,88
1280,85
1200,68.5
4000,330
1697,108
3606,312
1485,90
950,50
825,45
1635,85
1216,79
920,63
1170,71
1118,75
1800,110
1562,103
2321,128
1320,95
3010,200
1346,96.17
2500,155
905,55
2268,146
630.5,32.79
3537,210
1697,115
3250,290
1269,75
3227,250
1545,79
3262,260
1132,79.28
2830,160
1195,70
3480,284
709,34.385
1320,79.5
750,52.7
1200,61.96
3445,270
1700,140
4827,400
1405,84.5
3252,280
1150,90
2400,147
624,35
1700,95
4960,400
2928,198
1216,84
2882,204
1840,140
1778,122
650,25
2155,125
1216,75
1255,77
1216,73
709,34.735
1745,100
3200,224
825,44.9
1870,138
1862,125
1655,113
530,29.44
905,50
1600,82
630.5,32.15
905,52
1216,83
1216,75
750,51
1173,77
1200,68.4
3425,250
2173,128
905,62
1870,138
1320,99.26
2901,190
1485,96.51
1755,101
2225,149
1250,82
605,40
2210,156
1173,78.2
1740,130
1216,75
1655,120
1180,70
2023,130
2134,118
905,60
1452,90
2850,240
2830,190
1295,78.5
840,57.6
640,19.83
1991,104
1655,97
1850,150
1200,67.77
1290,90
1216,75
1356,94.84
1338,103
3450,208
1267,90.33
2400,143
1836,125
3596,200
1275,65
1216,82
1495,88
1564,103
1585,84
1558,90
1216,75
1704,120
1300,78
1570,88
1216,84.03
1216,72.5
2025,115
1346,100
2990,198
1720,98.97
1600,95
1655,108
1740,95
1350,88
1216,80
2900,225
1340,101
1500,78.57
1626,85
1100,65
1270,65
3117,261
1216,73
3150,290
2956,234
2247,145
3940,265
1180,77
2140,139
1314,84
1431,85
524,29
2830,161
2135,149
3075,188
1760,160
1655,110
840,57
1725,106
516,39
6000,410
1639,107
1820,113
3565,218
3410,253
4500,330
1250,85
1277,77
1820,140
3453,247
2280,125
2882,200
1639.5,92.63
1190,70
1270,94
1220,89
3758,300
1216,72
5400,475
1396,74
1615,96.9
1200,70
1216,75
2321,157
1224,75
1655,113
4144,331
1200,67.75
2444,145
1270,110
1660,110
1270,105
1173,78.2
1362,85
1457,105
1720,128
1564,103
1639,107
1760,139
613,48
1730,125
877,59
1300,58
1125,75
735,75
1655,155
1680,135
1015,40.1
1464,105
2400,150
1700,130
1080,55
1400,78
1330,73.5
800,30
1100,60
1365,72
1103,55
1000,50
1326,78
1705,95
1234,80
1315,85
1170,62.5
697,45
2195,127
1614,95
628,24
654,38.4
1825,105
1603,96
1304,79
1517,76.3
1327,85
1566,97
1270,78
1400,80.54
1322,86
1100,70
1200,70
4000,220
2675,140
654,37
1465,80.01
1692,83
2145,125
1322,75
602,26
1100,60
1614,100
1890,108
1556,86
1610,85
1859,108
1322,80
2600,175
1305,78
1711,85.61
1315,75
3600,200
1614,95
1650,105
3990,260
1620,90
654,36.25
1614,93
694,30.84
1115,60
2317,140
1653,93
654,38
1445,82
602,38
697,35
682,36.23
1560,98
1780,107
1342,75
1823,103
1792,104
1304,69.97
1300,69.23
1705,91
1835,108
1847,92
1890,109
700,38
1491,85
2088,110
1600,100
1705,85
1350,85
1633,110
827.5,42.535
1355,75
1104,58
1175,67.77
1322,77.9
602,33
1315,77
567,25
602,30
1234,80
1267,78
1360,78.19
650,33
500,20
440,16.5
960,18
1610,92
1700,90
650,20
350,13.5
1385,65
500,24
650,17
450,16
960,50
1209,65
1400,80
450,15
500,18
1420,75
2200,180
488,20
1100,58
860,31
1000,44
650,18
1740,150
1290,70
1240,47.12
1200,46.17
1260,47.88
1175,50
1650,68
1200,45.6
1200,46.17
1160,44.08
1355,95
12000,1900
11000,2000
8400,1675
10000,1950
1693,108
667,36.85
1950,130
665,36.85
671,36.85
1277.5,95.815
668,36.85
1185,75.84
1313,96
1400,100
673,36.85
717,49.475
3600,220
605,41.745
669,36.85
670,36.85
1240,80
1713,110
1144,67
1362,100
666,36.8
1855,140
1165,85
1825,145
994,54.67
650,40
1855,140
1500,100
674,36.85
672,36.85
1692,108
2500,185
1855,135
3800,390
2900,325
1780,84.83
880,48
1000,55
1400,78
